role,salaried_postings,avg_salary,median_salary,min_salary,max_salary
Senior Data Scientist,1686,154050.0,155000.0,45000.0,890000.0
Senior Data Engineer,1594,145867.0,147500.0,35000.0,425000.0
Data Scientist,5926,135929.0,127500.0,27000.0,960000.0
Data Engineer,4509,130267.0,125000.0,15000.0,525000.0
Machine Learning Engineer,573,126786.0,106000.0,30000.0,325000.0
Senior Data Analyst,1132,114104.0,111175.0,30000.0,425000.0
Software Engineer,469,112778.0,99150.0,28000.0,375000.0
Cloud Engineer,65,111268.0,90000.0,42000.0,280000.0
Data Analyst,5463,93876.0,90000.0,25000.0,650000.0
Business Analyst,617,91071.0,85000.0,16500.0,387460.0
